{"loss": [3.0293760299682617, 2.2147371768951416, 1.6289533376693726, 1.3607686758041382, 0.9692869186401367, 0.7376844882965088, 0.7946388721466064, 0.7341734766960144, 0.7104091644287109, 0.6797555088996887, 0.5050089359283447, 0.37781649827957153, 0.3970942199230194, 0.35288435220718384, 0.38169577717781067, 0.5082448124885559, 0.3452349603176117, 0.31064262986183167, 0.314434289932251, 0.3926331400871277, 0.29681745171546936, 0.26408377289772034, 0.35466551780700684, 0.311701238155365, 0.20125658810138702, 0.4741910696029663, 0.4951094090938568, 0.34294548630714417, 0.2610531449317932, 0.37907296419143677, 0.29205769300460815, 0.3355567455291748, 0.2201082408428192, 0.5615180730819702, 0.35469403862953186, 0.28807905316352844, 0.24727879464626312, 0.2067483514547348, 0.2580661177635193, 0.30204930901527405, 0.40377259254455566, 0.28004637360572815, 0.24684475362300873, 0.18401587009429932, 0.19553527235984802, 0.20850931107997894, 0.17179296910762787, 0.19638179242610931, 0.1844523400068283, 0.11222568154335022], "accuracy": [0.1776556819677353, 0.4157509207725525, 0.5622710585594177, 0.5879120826721191, 0.6941391825675964, 0.7582417726516724, 0.7142857313156128, 0.7509157657623291, 0.7582417726516724, 0.7545787692070007, 0.8278388381004333, 0.8534798622131348, 0.8571428656578064, 0.8644688725471497, 0.8516483306884766, 0.8260073065757751, 0.8663003444671631, 0.8992673754692078, 0.8864468932151794, 0.8406593203544617, 0.8937729001045227, 0.906593382358551, 0.8663003444671631, 0.8827838897705078, 0.9358974099159241, 0.860805869102478, 0.8333333134651184, 0.8699633479118347, 0.9139193892478943, 0.8644688725471497, 0.8992673754692078, 0.8791208863258362, 0.9157509207725525, 0.8296703100204468, 0.8827838897705078, 0.9120879173278809, 0.9029303789138794, 0.9084249138832092, 0.9102563858032227, 0.8864468932151794, 0.8498168587684631, 0.8974359035491943, 0.9139193892478943, 0.930402934551239, 0.9249083995819092, 0.9157509207725525, 0.9358974099159241, 0.9267399311065674, 0.9395604133605957, 0.9652014374732971], "val_loss": [2.5632402896881104, 1.6733182668685913, 1.4439283609390259, 1.0447362661361694, 0.7564551830291748, 0.7570851445198059, 0.6454373002052307, 0.6341015696525574, 0.7376211285591125, 0.43506336212158203, 0.3812273144721985, 0.3486144244670868, 0.2967251241207123, 0.34069177508354187, 0.40680983662605286, 0.3063918948173523, 0.3061983287334442, 0.30671393871307373, 0.31450578570365906, 0.3988896310329437, 0.2865687608718872, 0.273027628660202, 0.5114970803260803, 0.22845818102359772, 0.40192461013793945, 0.6141641139984131, 0.37129420042037964, 0.26191529631614685, 0.3334612250328064, 0.24067875742912292, 0.3672806918621063, 0.2947116792201996, 0.2279173731803894, 0.46583595871925354, 0.41067203879356384, 0.2740703821182251, 0.25409257411956787, 0.1795092672109604, 0.21616172790527344, 0.32275888323783875, 0.45638784766197205, 0.179523304104805, 0.1811477243900299, 0.14478075504302979, 0.17335017025470734, 0.18069836497306824, 0.133247509598732, 0.1892479807138443, 0.1471296101808548, 0.15591998398303986], "val_accuracy": [0.3760683834552765, 0.5128205418586731, 0.5982906222343445, 0.6752136945724487, 0.7435897588729858, 0.7094017267227173, 0.7863247990608215, 0.7777777910232544, 0.6837607026100159, 0.8205128312110901, 0.8632478713989258, 0.8290598392486572, 0.8974359035491943, 0.8888888955116272, 0.8376068472862244, 0.8888888955116272, 0.8717948794364929, 0.8888888955116272, 0.8717948794364929, 0.8717948794364929, 0.8717948794364929, 0.9059829115867615, 0.8632478713989258, 0.8717948794364929, 0.8717948794364929, 0.811965823173523, 0.8803418874740601, 0.9230769276618958, 0.8888888955116272, 0.9059829115867615, 0.8888888955116272, 0.8803418874740601, 0.9145299196243286, 0.8290598392486572, 0.8803418874740601, 0.8803418874740601, 0.8888888955116272, 0.8888888955116272, 0.94017094373703, 0.8717948794364929, 0.8290598392486572, 0.9230769276618958, 0.9230769276618958, 0.9487179517745972, 0.8888888955116272, 0.9145299196243286, 0.9658119678497314, 0.9145299196243286, 0.94017094373703, 0.9230769276618958]}