{"loss": [3.1113874912261963, 2.378798484802246, 1.6169058084487915, 1.3678886890411377, 1.1218183040618896, 0.9686970114707947, 0.7030964493751526, 0.6846441626548767, 0.565596342086792, 0.499728798866272, 0.4306424558162689, 0.6158201694488525, 0.42717069387435913, 0.41734275221824646, 0.42840775847435, 0.3326646387577057, 0.29716140031814575, 0.24411335587501526, 0.3232421576976776, 0.25326472520828247, 0.21085312962532043, 0.2586897015571594, 0.21762746572494507, 0.1835630089044571, 0.18252895772457123, 0.6352863311767578, 0.48826348781585693, 0.4615134596824646, 0.4236935079097748, 0.2760983407497406, 0.1689567267894745, 0.1937955617904663, 0.24255865812301636, 0.36501556634902954, 0.2691331207752228, 0.2737380564212799, 0.2667973041534424, 0.18460829555988312, 0.11561901122331619, 0.11511636525392532, 0.10299932956695557, 0.10474303364753723, 0.3628492057323456, 0.3812113404273987, 0.304462730884552, 0.2955274283885956, 0.2697073221206665, 0.21771961450576782, 0.1927737593650818, 0.17879311740398407, 0.1322437822818756, 0.08429465442895889, 0.06229337677359581, 0.0564383827149868, 0.10756330192089081, 0.15121932327747345, 0.23089711368083954, 0.2532845139503479, 0.3279784023761749, 0.30340227484703064], "accuracy": [0.1300366371870041, 0.38461539149284363, 0.5750916004180908, 0.5805860757827759, 0.6501831412315369, 0.7252747416496277, 0.7893772721290588, 0.7893772721290588, 0.8131868243217468, 0.8223443031311035, 0.8553113341331482, 0.7967032790184021, 0.8553113341331482, 0.8663003444671631, 0.83699631690979, 0.8827838897705078, 0.8974359035491943, 0.9175823926925659, 0.8919413685798645, 0.9175823926925659, 0.9212453961372375, 0.9029303789138794, 0.9212453961372375, 0.9395604133605957, 0.9358974099159241, 0.7948718070983887, 0.8278388381004333, 0.8388278484344482, 0.8626373410224915, 0.9029303789138794, 0.9450549483299255, 0.930402934551239, 0.9212453961372375, 0.877289354801178, 0.906593382358551, 0.9047619104385376, 0.9029303789138794, 0.9505494236946106, 0.9688644409179688, 0.9578754305839539, 0.9615384340286255, 0.9597069621086121, 0.8846153616905212, 0.8717948794364929, 0.8919413685798645, 0.8992673754692078, 0.8882783651351929, 0.9084249138832092, 0.946886420249939, 0.9358974099159241, 0.9578754305839539, 0.9743589758872986, 0.9816849827766418, 0.9816849827766418, 0.9615384340286255, 0.9450549483299255, 0.9340659379959106, 0.9377289414405823, 0.9120879173278809, 0.8846153616905212], "val_loss": [2.713870048522949, 1.8438888788223267, 1.2879388332366943, 1.1168638467788696, 0.9213338494300842, 0.6767962574958801, 0.5898627638816833, 0.47398868203163147, 0.3873177766799927, 0.4030163288116455, 0.46821001172065735, 0.44820544123649597, 0.2919423580169678, 0.31318140029907227, 0.37244755029678345, 0.29677504301071167, 0.23782064020633698, 0.365341454744339, 0.22214871644973755, 0.1534205824136734, 0.24039578437805176, 0.20574164390563965, 0.1827140748500824, 0.23408137261867523, 0.38827160000801086, 0.3776650130748749, 0.592042088508606, 0.2474750578403473, 0.3139331340789795, 0.1701379120349884, 0.12782350182533264, 0.13742788136005402, 0.3609410226345062, 0.29204434156417847, 0.31887269020080566, 0.2631070017814636, 0.1536683887243271, 0.11400892585515976, 0.10207938402891159, 0.08825304359197617, 0.12096216529607773, 0.14830565452575684, 0.21617837250232697, 0.2849820554256439, 0.5044711828231812, 0.15156663954257965, 0.23094777762889862, 0.09736069291830063, 0.1759999692440033, 0.09630358964204788, 0.08586213737726212, 0.09164232015609741, 0.08795318752527237, 0.11056949198246002, 0.1195421814918518, 0.28107067942619324, 0.43799519538879395, 0.13995245099067688, 0.4124695360660553, 0.14834390580654144], "val_accuracy": [0.38461539149284363, 0.6410256624221802, 0.632478654384613, 0.692307710647583, 0.8034188151359558, 0.7948718070983887, 0.7948718070983887, 0.8803418874740601, 0.8803418874740601, 0.8632478713989258, 0.8547008633613586, 0.811965823173523, 0.8632478713989258, 0.8888888955116272, 0.8205128312110901, 0.8888888955116272, 0.8974359035491943, 0.8803418874740601, 0.9059829115867615, 0.94017094373703, 0.9059829115867615, 0.9145299196243286, 0.9316239356994629, 0.9230769276618958, 0.9059829115867615, 0.8717948794364929, 0.8632478713989258, 0.9487179517745972, 0.8803418874740601, 0.9145299196243286, 0.9487179517745972, 0.9316239356994629, 0.8803418874740601, 0.9059829115867615, 0.8717948794364929, 0.8803418874740601, 0.9487179517745972, 0.9658119678497314, 0.9743589758872986, 0.9572649598121643, 0.9658119678497314, 0.9487179517745972, 0.9059829115867615, 0.9145299196243286, 0.8547008633613586, 0.9316239356994629, 0.9059829115867615, 0.9658119678497314, 0.9145299196243286, 0.9829059839248657, 0.9743589758872986, 0.9743589758872986, 0.9658119678497314, 0.9572649598121643, 0.9572649598121643, 0.9145299196243286, 0.8717948794364929, 0.9572649598121643, 0.8717948794364929, 0.9316239356994629]}