{"loss": [2.7467799186706543, 1.9553414583206177, 1.3317373991012573, 0.9059258699417114, 0.9242504239082336, 0.7372283935546875, 0.6768898367881775, 0.7380103468894958, 0.5290490984916687, 0.46316927671432495, 0.38414299488067627, 0.4038836658000946, 0.4905717074871063, 0.4058328866958618, 0.5748924016952515, 0.4149928092956543, 0.3028923273086548, 0.36785170435905457, 0.36989861726760864, 0.34921735525131226, 0.2741866707801819, 0.38531455397605896, 0.3005523979663849, 0.32257598638534546, 0.2511981129646301, 0.20189601182937622, 0.15945549309253693, 0.13769763708114624, 0.16025401651859283, 0.25203001499176025, 0.3268067240715027, 0.6537293195724487, 0.4756380617618561, 0.3375110924243927, 0.3015909194946289, 0.2464607208967209, 0.1939522624015808, 0.2687952220439911, 0.17051728069782257, 0.24072271585464478, 0.31994447112083435, 0.2706814110279083, 0.30600088834762573, 0.2615295350551605, 0.18559156358242035, 0.20811456441879272, 0.3330676555633545, 0.4362488389015198, 0.26947298645973206, 0.22530457377433777, 0.2639715373516083, 0.25700825452804565, 0.1985689103603363, 0.15236341953277588, 0.20222268998622894, 0.10107656568288803, 0.1893773078918457, 0.15454207360744476, 0.15094034373760223, 0.33331066370010376], "accuracy": [0.20952381193637848, 0.48571428656578064, 0.6166666746139526, 0.7333333492279053, 0.688095211982727, 0.7285714149475098, 0.7452380657196045, 0.7452380657196045, 0.8190476298332214, 0.8309524059295654, 0.8642857074737549, 0.8333333134651184, 0.8023809790611267, 0.8285714387893677, 0.7976190447807312, 0.8476190567016602, 0.8690476417541504, 0.8476190567016602, 0.8428571224212646, 0.8309524059295654, 0.8785714507102966, 0.8571428656578064, 0.8738095164299011, 0.8690476417541504, 0.8904761672019958, 0.9047619104385376, 0.9261904954910278, 0.9476190209388733, 0.9452381134033203, 0.8928571343421936, 0.8714285492897034, 0.7714285850524902, 0.800000011920929, 0.8642857074737549, 0.8833333253860474, 0.8976190686225891, 0.938095211982727, 0.8833333253860474, 0.9452381134033203, 0.9214285612106323, 0.8904761672019958, 0.8999999761581421, 0.9119047522544861, 0.8952381014823914, 0.9309523701667786, 0.9214285612106323, 0.8785714507102966, 0.8261904716491699, 0.8952381014823914, 0.9190475940704346, 0.8999999761581421, 0.9047619104385376, 0.9047619104385376, 0.938095211982727, 0.9404761791229248, 0.973809540271759, 0.9547619223594666, 0.9261904954910278, 0.9476190209388733, 0.8904761672019958], "val_loss": [2.2723348140716553, 1.5786163806915283, 1.0328172445297241, 0.7774694561958313, 0.7707681655883789, 0.724460780620575, 0.6012659072875977, 0.6407438516616821, 0.48860782384872437, 0.43542078137397766, 0.3918541371822357, 0.6461648941040039, 0.4208362102508545, 0.5043888688087463, 0.47549116611480713, 0.3104255497455597, 0.3080030381679535, 0.3358415365219116, 0.4204791486263275, 0.26304659247398376, 0.41723012924194336, 0.3263032138347626, 0.531963050365448, 0.2187241166830063, 0.23264077305793762, 0.34149351716041565, 0.23030723631381989, 0.2441234588623047, 0.363489031791687, 0.3872707486152649, 0.33098304271698, 0.5555799603462219, 0.4184573292732239, 0.4280363619327545, 0.2973959743976593, 0.253606915473938, 0.2021566778421402, 0.17450210452079773, 0.24945911765098572, 0.3572688102722168, 0.4595174491405487, 0.3677412271499634, 0.31293660402297974, 0.27725890278816223, 0.11075103282928467, 0.24522408843040466, 0.8574488162994385, 0.26948535442352295, 0.3459920585155487, 0.34746167063713074, 0.401653915643692, 0.27680233120918274, 0.10025513917207718, 0.2843514680862427, 0.09993500262498856, 0.08165144175291061, 0.14039625227451324, 0.11098550260066986, 0.2419251948595047, 0.388020396232605], "val_accuracy": [0.5111111402511597, 0.5777778029441833, 0.6888889074325562, 0.7222222089767456, 0.7555555701255798, 0.7666666507720947, 0.7555555701255798, 0.7777777910232544, 0.855555534362793, 0.8444444537162781, 0.8222222328186035, 0.8111110925674438, 0.800000011920929, 0.7888888716697693, 0.8222222328186035, 0.8888888955116272, 0.8777777552604675, 0.8222222328186035, 0.8111110925674438, 0.9111111164093018, 0.8111110925674438, 0.8444444537162781, 0.8333333134651184, 0.9666666388511658, 0.9111111164093018, 0.8666666746139526, 0.9333333373069763, 0.9111111164093018, 0.8444444537162781, 0.9111111164093018, 0.855555534362793, 0.7888888716697693, 0.8111110925674438, 0.8222222328186035, 0.8777777552604675, 0.9222221970558167, 0.8999999761581421, 0.9333333373069763, 0.9111111164093018, 0.8666666746139526, 0.8666666746139526, 0.8444444537162781, 0.8888888955116272, 0.9111111164093018, 0.9666666388511658, 0.8666666746139526, 0.8111110925674438, 0.9111111164093018, 0.8777777552604675, 0.8444444537162781, 0.855555534362793, 0.8888888955116272, 0.9666666388511658, 0.8888888955116272, 0.9666666388511658, 0.9888888597488403, 0.9444444179534912, 0.9444444179534912, 0.9111111164093018, 0.8222222328186035]}