{"loss": [3.0621440410614014, 2.363480567932129, 1.7219018936157227, 1.4081401824951172, 1.2074832916259766, 0.9856039881706238, 0.7810975909233093, 0.7833080887794495, 0.8375073075294495, 0.6530738472938538, 0.7711231112480164, 0.7338728308677673, 0.6095210313796997, 0.5987777709960938, 0.5318971872329712, 0.4768003225326538, 0.44385191798210144, 0.46477001905441284, 0.3737398386001587, 0.39288944005966187, 0.4339287579059601, 0.48244914412498474, 0.4735049903392792, 0.37646910548210144, 0.5596526861190796, 0.3808712661266327, 0.3061918020248413, 0.30245569348335266, 0.28154870867729187, 0.2614459991455078, 0.3453749716281891, 0.48071858286857605, 0.5326904654502869, 0.5499951243400574, 0.460262268781662, 0.41173532605171204, 0.269848108291626, 0.29254645109176636, 0.37171196937561035, 0.3045261800289154, 0.3351055383682251, 0.4370688199996948, 0.4835518002510071, 0.37453964352607727, 0.3037799894809723, 0.23184627294540405, 0.20077775418758392, 0.25039052963256836, 0.17770500481128693, 0.17211031913757324], "accuracy": [0.15201465785503387, 0.3589743673801422, 0.45787546038627625, 0.5659340620040894, 0.6117216348648071, 0.6648351550102234, 0.7252747416496277, 0.7106227278709412, 0.6794871687889099, 0.7728937864303589, 0.708791196346283, 0.7435897588729858, 0.7655677795410156, 0.7838827967643738, 0.7985348105430603, 0.831501841545105, 0.831501841545105, 0.8351648449897766, 0.8406593203544617, 0.8424908518791199, 0.83699631690979, 0.8223443031311035, 0.8278388381004333, 0.860805869102478, 0.7838827967643738, 0.8498168587684631, 0.8809523582458496, 0.8809523582458496, 0.8974359035491943, 0.9029303789138794, 0.8827838897705078, 0.8113552927970886, 0.8040292859077454, 0.791208803653717, 0.8150182962417603, 0.8516483306884766, 0.9157509207725525, 0.8882783651351929, 0.8644688725471497, 0.8919413685798645, 0.8992673754692078, 0.83699631690979, 0.8443223237991333, 0.8553113341331482, 0.9047619104385376, 0.9102563858032227, 0.9340659379959106, 0.906593382358551, 0.9285714030265808, 0.9322344064712524], "val_loss": [2.6821556091308594, 1.8887665271759033, 1.4783108234405518, 1.2718915939331055, 0.9984982013702393, 0.7632301449775696, 0.6771748065948486, 0.6513695120811462, 0.5947160720825195, 0.5482158064842224, 0.5895090103149414, 0.5486360788345337, 0.43373364210128784, 0.5044388175010681, 0.33827298879623413, 0.318958044052124, 0.3223164677619934, 0.2913495600223541, 0.2603292465209961, 0.31755125522613525, 0.2840327024459839, 0.3868774473667145, 0.29259979724884033, 0.3060780465602875, 0.3030187785625458, 0.3200468420982361, 0.17406150698661804, 0.2675979435443878, 0.19058574736118317, 0.2750435471534729, 0.6393133997917175, 0.25553175806999207, 0.6657140254974365, 0.37056201696395874, 0.3366086184978485, 0.2562938332557678, 0.18593856692314148, 0.2604511082172394, 0.2513619363307953, 0.14530670642852783, 0.30853360891342163, 0.7959684133529663, 0.3738826513290405, 0.18653488159179688, 0.23215538263320923, 0.1721457988023758, 0.15558567643165588, 0.11341150104999542, 0.11417892575263977, 0.11387541890144348], "val_accuracy": [0.29914531111717224, 0.4444444477558136, 0.5128205418586731, 0.6153846383094788, 0.6752136945724487, 0.7435897588729858, 0.7692307829856873, 0.7435897588729858, 0.7692307829856873, 0.7692307829856873, 0.7948718070983887, 0.8034188151359558, 0.8205128312110901, 0.7606837749481201, 0.8547008633613586, 0.8803418874740601, 0.8717948794364929, 0.8803418874740601, 0.8717948794364929, 0.8803418874740601, 0.8974359035491943, 0.8461538553237915, 0.8888888955116272, 0.8974359035491943, 0.8888888955116272, 0.8461538553237915, 0.9487179517745972, 0.8974359035491943, 0.8974359035491943, 0.9059829115867615, 0.8034188151359558, 0.8803418874740601, 0.7094017267227173, 0.8461538553237915, 0.8376068472862244, 0.9145299196243286, 0.9059829115867615, 0.8974359035491943, 0.8717948794364929, 0.9658119678497314, 0.8974359035491943, 0.7863247990608215, 0.8717948794364929, 0.9316239356994629, 0.9572649598121643, 0.9316239356994629, 0.9487179517745972, 0.9658119678497314, 0.9230769276618958, 0.9487179517745972]}