{"loss": [3.010251760482788, 2.2244486808776855, 1.6675946712493896, 1.270503282546997, 1.0550928115844727, 0.8232502937316895, 0.7681170701980591, 0.6409787535667419, 0.6179603338241577, 0.663632869720459, 0.5328680276870728, 0.36926358938217163, 0.39057135581970215, 0.3719553053379059, 0.45110177993774414, 0.6109679937362671, 0.37096381187438965, 0.31971248984336853, 0.28196001052856445, 0.2527213990688324, 0.331790566444397, 0.2669523060321808, 0.47663673758506775, 0.7080398797988892, 0.48295989632606506, 0.34384915232658386, 0.20544129610061646, 0.15008920431137085, 0.18667244911193848, 0.2545190751552582, 0.3483422100543976, 0.38901883363723755, 0.3859016001224518, 0.3192193806171417, 0.23471972346305847, 0.18369124829769135, 0.3530665338039398, 0.2343236654996872, 0.3216221034526825, 0.3427892327308655, 0.3069141209125519, 0.22742685675621033, 0.1701415330171585, 0.15295523405075073, 0.09118300676345825, 0.07017024606466293, 0.2675821781158447, 0.28999239206314087, 0.27800917625427246, 0.19826927781105042, 0.11863727867603302, 0.08127053827047348, 0.06420715153217316, 0.08452877402305603, 0.052143439650535583, 0.10632215440273285, 0.07141147553920746, 0.05251893028616905, 0.03864683955907822, 0.03406049683690071], "accuracy": [0.14102564752101898, 0.37362638115882874, 0.523809552192688, 0.639194130897522, 0.708791196346283, 0.767399251461029, 0.7509157657623291, 0.8040292859077454, 0.791208803653717, 0.7857142686843872, 0.8113552927970886, 0.8681318759918213, 0.8479853272438049, 0.8699633479118347, 0.8699633479118347, 0.7875458002090454, 0.8736263513565063, 0.9047619104385376, 0.906593382358551, 0.9120879173278809, 0.8937729001045227, 0.9102563858032227, 0.8699633479118347, 0.7728937864303589, 0.8333333134651184, 0.901098906993866, 0.9505494236946106, 0.9578754305839539, 0.9432234168052673, 0.9047619104385376, 0.8974359035491943, 0.8663003444671631, 0.8681318759918213, 0.8809523582458496, 0.9175823926925659, 0.9413919448852539, 0.8956043720245361, 0.9102563858032227, 0.8974359035491943, 0.8846153616905212, 0.9047619104385376, 0.9175823926925659, 0.9377289414405823, 0.9358974099159241, 0.9633699655532837, 0.9835164546966553, 0.9102563858032227, 0.906593382358551, 0.9139193892478943, 0.9249083995819092, 0.9505494236946106, 0.9798534512519836, 0.9798534512519836, 0.9743589758872986, 0.9890109896659851, 0.970695972442627, 0.9816849827766418, 0.9816849827766418, 0.9926739931106567, 0.9945054650306702], "val_loss": [2.487243175506592, 1.7198498249053955, 1.3484827280044556, 1.1823060512542725, 0.8259391188621521, 0.6580910682678223, 0.577119767665863, 0.5850579738616943, 0.49412599205970764, 0.6176079511642456, 0.307809442281723, 0.2967294752597809, 0.29331445693969727, 0.37824705243110657, 0.30237850546836853, 0.44550955295562744, 0.26645997166633606, 0.2530275285243988, 0.2533966600894928, 0.27048343420028687, 0.1936527043581009, 0.23882894217967987, 0.5331289172172546, 0.3491124212741852, 0.434675931930542, 0.19540967047214508, 0.09966812282800674, 0.1503440886735916, 0.2881690561771393, 0.1911531239748001, 0.16355088353157043, 0.3085190951824188, 0.3740553557872772, 0.2581448256969452, 0.13637685775756836, 0.13246427476406097, 0.18042856454849243, 0.22316974401474, 0.3320385217666626, 0.30337008833885193, 0.18020758032798767, 0.1829378604888916, 0.1779783070087433, 0.14298957586288452, 0.10086963325738907, 0.1310117542743683, 0.2524092197418213, 0.2549413740634918, 0.2156391590833664, 0.13007895648479462, 0.1012846976518631, 0.08005844801664352, 0.11182019114494324, 0.05331795662641525, 0.04573685675859451, 0.07702666521072388, 0.044304702430963516, 0.020800812169909477, 0.018275225535035133, 0.04113301634788513], "val_accuracy": [0.470085471868515, 0.5555555820465088, 0.6068376302719116, 0.6666666865348816, 0.7863247990608215, 0.8034188151359558, 0.7777777910232544, 0.8034188151359558, 0.8290598392486572, 0.8034188151359558, 0.8803418874740601, 0.9059829115867615, 0.9145299196243286, 0.8888888955116272, 0.8803418874740601, 0.8632478713989258, 0.9059829115867615, 0.9145299196243286, 0.9059829115867615, 0.9059829115867615, 0.94017094373703, 0.94017094373703, 0.7948718070983887, 0.9059829115867615, 0.8290598392486572, 0.9316239356994629, 0.9743589758872986, 0.9572649598121643, 0.9059829115867615, 0.94017094373703, 0.9487179517745972, 0.8632478713989258, 0.8376068472862244, 0.9145299196243286, 0.9487179517745972, 0.94017094373703, 0.9572649598121643, 0.9316239356994629, 0.8717948794364929, 0.8803418874740601, 0.9316239356994629, 0.9316239356994629, 0.9316239356994629, 0.9487179517745972, 0.9572649598121643, 0.94017094373703, 0.9230769276618958, 0.9316239356994629, 0.94017094373703, 0.9487179517745972, 0.9658119678497314, 0.9829059839248657, 0.9658119678497314, 0.9829059839248657, 0.9829059839248657, 0.9914529919624329, 0.9743589758872986, 0.9914529919624329, 0.9914529919624329, 0.9829059839248657]}