{"loss": [2.9793307781219482, 2.8617820739746094, 2.6161816120147705, 2.3655881881713867, 2.177616834640503, 1.9329341650009155, 1.7023100852966309, 1.6587260961532593, 1.5647059679031372, 1.484009861946106, 1.355500340461731, 1.2453956604003906, 1.195435643196106, 1.0114927291870117, 0.892177402973175, 0.9276557564735413, 1.0432687997817993, 1.0570368766784668, 0.8453418612480164, 0.8149784803390503, 0.8749528527259827, 0.6992019414901733, 0.7310103178024292, 0.6926217079162598, 1.3610320091247559, 1.067469596862793, 0.7881917357444763, 0.7690249681472778, 0.7288515567779541, 0.6445428729057312, 0.5176594257354736, 0.7439329028129578, 0.8298062086105347, 0.750385582447052, 0.6466891765594482, 0.5749790668487549, 0.5451474785804749, 0.5097354054450989, 0.48251038789749146, 0.4363974928855896, 0.4842311441898346, 0.4439617693424225, 0.521428108215332, 0.4795083999633789, 0.3274492919445038, 0.3294016122817993, 0.3329851031303406, 0.2924036383628845, 0.28735312819480896, 0.2534227669239044], "accuracy": [0.07619047909975052, 0.18095238506793976, 0.19523809850215912, 0.2380952388048172, 0.3571428656578064, 0.36666667461395264, 0.44285714626312256, 0.4571428596973419, 0.49047619104385376, 0.5476190447807312, 0.5190476179122925, 0.6000000238418579, 0.5714285969734192, 0.6333333253860474, 0.7190476059913635, 0.7047619223594666, 0.6428571343421936, 0.6380952596664429, 0.7476190328598022, 0.7285714149475098, 0.699999988079071, 0.7666666507720947, 0.7333333492279053, 0.7142857313156128, 0.5571428537368774, 0.6285714507102966, 0.7047619223594666, 0.7571428418159485, 0.7285714149475098, 0.7857142686843872, 0.8095238208770752, 0.761904776096344, 0.7190476059913635, 0.7142857313156128, 0.7571428418159485, 0.7857142686843872, 0.7952380776405334, 0.8190476298332214, 0.8333333134651184, 0.8428571224212646, 0.8190476298332214, 0.8380952477455139, 0.8190476298332214, 0.8142856955528259, 0.8714285492897034, 0.8619047403335571, 0.8666666746139526, 0.8857142925262451, 0.8857142925262451, 0.8904761672019958], "val_loss": [2.9238297939300537, 2.716514825820923, 2.4606897830963135, 2.269181728363037, 2.0028083324432373, 1.7553153038024902, 1.50994873046875, 1.8302561044692993, 1.417930245399475, 1.3399338722229004, 1.3949692249298096, 1.1515260934829712, 1.0685045719146729, 0.9753760695457458, 0.9120322465896606, 0.9138924479484558, 0.9223152995109558, 1.2121436595916748, 0.9227802753448486, 0.9018069505691528, 0.9381929039955139, 0.7937666773796082, 0.7180732488632202, 0.9473963975906372, 1.1345007419586182, 0.8882197141647339, 0.6430931687355042, 0.7883043885231018, 0.9333248734474182, 0.7804734110832214, 0.7275407314300537, 0.631800651550293, 0.7658966183662415, 0.7098417282104492, 0.6190406084060669, 0.8244659304618835, 1.1385767459869385, 0.7733388543128967, 0.4886302053928375, 0.49581655859947205, 0.5975915193557739, 0.6555993556976318, 0.6381831765174866, 0.46980583667755127, 0.49497607350349426, 0.47889167070388794, 0.5398098230361938, 0.5245285034179688, 0.5177140831947327, 0.47536787390708923], "val_accuracy": [0.2222222238779068, 0.20000000298023224, 0.2222222238779068, 0.2888889014720917, 0.42222222685813904, 0.4444444477558136, 0.6000000238418579, 0.42222222685813904, 0.5333333611488342, 0.5777778029441833, 0.5333333611488342, 0.6222222447395325, 0.6666666865348816, 0.7333333492279053, 0.7333333492279053, 0.6666666865348816, 0.6222222447395325, 0.6222222447395325, 0.6888889074325562, 0.6666666865348816, 0.6000000238418579, 0.6666666865348816, 0.7555555701255798, 0.6888889074325562, 0.6222222447395325, 0.7111111283302307, 0.8666666746139526, 0.7555555701255798, 0.6666666865348816, 0.7777777910232544, 0.800000011920929, 0.800000011920929, 0.6666666865348816, 0.7777777910232544, 0.800000011920929, 0.6888889074325562, 0.6888889074325562, 0.7333333492279053, 0.8444444537162781, 0.8444444537162781, 0.8444444537162781, 0.7777777910232544, 0.7555555701255798, 0.8222222328186035, 0.8222222328186035, 0.8444444537162781, 0.7555555701255798, 0.8222222328186035, 0.8222222328186035, 0.8444444537162781]}