{"loss": [1.2813681364059448, 0.96208655834198, 0.6691691279411316, 0.5384476780891418, 0.40898633003234863, 0.35430845618247986, 0.28588899970054626, 0.16815291345119476, 0.3341810703277588, 0.27515989542007446, 0.6093946695327759, 0.39650866389274597, 0.35263293981552124, 0.38654252886772156, 0.40351566672325134, 0.4197528660297394, 0.4161580502986908, 0.6713671088218689, 0.27481725811958313, 0.20963101089000702, 0.13611137866973877, 0.09736251831054688, 0.06715112179517746, 0.04859396815299988, 0.04477554187178612, 0.03340033441781998, 0.02158346213400364, 0.01939331367611885, 0.01659735105931759, 0.013588452711701393, 0.011507959105074406, 0.011944198049604893, 0.007534804753959179, 0.007743219844996929, 0.005674330983310938, 0.006988029461354017, 0.007282868959009647, 0.005057348404079676, 0.00577221205458045, 0.005773540586233139, 0.004649271257221699, 0.005464836489409208, 0.004640553612262011, 0.003879609750583768, 0.003944891504943371, 0.004602483473718166, 0.0033888746984302998, 0.00398538913577795, 0.0029726640786975622, 0.0039054627995938063], "accuracy": [0.4464285671710968, 0.8035714030265808, 0.8035714030265808, 0.7857142686843872, 0.9107142686843872, 0.8392857313156128, 0.9285714030265808, 0.9642857313156128, 0.8571428656578064, 0.8928571343421936, 0.75, 0.75, 0.8035714030265808, 0.7857142686843872, 0.7678571343421936, 0.7321428656578064, 0.8035714030265808, 0.7142857313156128, 0.9464285969734192, 1.0, 1.0, 1.0, 1.0, 1.0, 1.0, 1.0, 1.0, 1.0, 1.0, 1.0, 1.0, 1.0, 1.0, 1.0, 1.0, 1.0, 1.0, 1.0, 1.0, 1.0, 1.0, 1.0, 1.0, 1.0, 1.0, 1.0, 1.0, 1.0, 1.0, 1.0], "val_loss": [1.0231034755706787, 0.6987902522087097, 0.523608922958374, 0.4297999441623688, 0.3553280830383301, 0.294186532497406, 0.1475856453180313, 0.08630076795816422, 0.06925836205482483, 0.6327053904533386, 0.49078574776649475, 0.36450257897377014, 0.3455062210559845, 0.35654816031455994, 0.7289178967475891, 0.28263601660728455, 0.6220458149909973, 0.24373675882816315, 0.2042241096496582, 0.12093961238861084, 0.08128885179758072, 0.05922940373420715, 0.04127245396375656, 0.02911723218858242, 0.020706189796328545, 0.015192198567092419, 0.01179556455463171, 0.009403645060956478, 0.007704777177423239, 0.0065120793879032135, 0.005629324819892645, 0.004919085185974836, 0.0043737879022955894, 0.003954571206122637, 0.0036194610875099897, 0.003340307390317321, 0.0030910882633179426, 0.0028762284200638533, 0.002686193445697427, 0.0025127336848527193, 0.0023548277094960213, 0.002216397551819682, 0.0020907060243189335, 0.0019735097885131836, 0.0018663961673155427, 0.001768779125995934, 0.0016788610955700278, 0.0015987857477739453, 0.001527459011413157, 0.0014592943480238318], "val_accuracy": [0.75, 1.0, 0.75, 0.75, 1.0, 1.0, 1.0, 1.0, 1.0, 0.75, 0.75, 0.75, 0.75, 0.75, 0.6666666865348816, 1.0, 0.75, 1.0, 1.0, 1.0, 1.0, 1.0, 1.0, 1.0, 1.0, 1.0, 1.0, 1.0, 1.0, 1.0, 1.0, 1.0, 1.0, 1.0, 1.0, 1.0, 1.0, 1.0, 1.0, 1.0, 1.0, 1.0, 1.0, 1.0, 1.0, 1.0, 1.0, 1.0, 1.0, 1.0]}