{"loss": [2.977902889251709, 2.854616403579712, 2.605093479156494, 2.394273042678833, 2.155064582824707, 1.877853274345398, 1.5646004676818848, 1.4373340606689453, 1.3476569652557373, 1.2230464220046997, 1.2144745588302612, 0.9886651039123535, 0.84135901927948, 0.8361279964447021, 0.7229374647140503, 0.6227062344551086, 0.7087935209274292, 0.6182048320770264, 0.7649661302566528, 0.5617040991783142, 0.7991859912872314, 0.6828625202178955, 0.5818479657173157, 0.5167407989501953, 0.4965845048427582, 0.7339785099029541, 0.530217707157135, 0.6104952692985535, 0.4660373032093048, 0.4670693874359131], "accuracy": [0.08095238357782364, 0.10000000149011612, 0.20000000298023224, 0.27142858505249023, 0.34285715222358704, 0.4095238149166107, 0.5285714268684387, 0.5428571701049805, 0.523809552192688, 0.6000000238418579, 0.5952380895614624, 0.6714285612106323, 0.7095237970352173, 0.738095223903656, 0.776190459728241, 0.800000011920929, 0.723809540271759, 0.7904762029647827, 0.7285714149475098, 0.8047618865966797, 0.7047619223594666, 0.7523809671401978, 0.7285714149475098, 0.7904762029647827, 0.800000011920929, 0.7285714149475098, 0.8190476298332214, 0.7904762029647827, 0.8142856955528259, 0.7952380776405334], "val_loss": [2.940411329269409, 2.7906928062438965, 2.4744553565979004, 2.2948191165924072, 1.9892042875289917, 1.7649000883102417, 1.464946985244751, 1.6389660835266113, 1.2129113674163818, 1.1204736232757568, 0.9654332399368286, 0.8694648742675781, 0.9570242762565613, 0.8896270990371704, 0.7482328414916992, 0.6683052182197571, 0.6607944965362549, 0.6594595909118652, 0.7579016089439392, 0.5453540086746216, 0.8372740149497986, 0.6514682173728943, 0.6506275534629822, 0.6302371025085449, 0.5514692664146423, 0.6619499325752258, 0.6163457036018372, 0.705560028553009, 0.6173142790794373, 0.6585479974746704], "val_accuracy": [0.06666667014360428, 0.13333334028720856, 0.2222222238779068, 0.3333333432674408, 0.42222222685813904, 0.5111111402511597, 0.5777778029441833, 0.4444444477558136, 0.6222222447395325, 0.6222222447395325, 0.7111111283302307, 0.6888889074325562, 0.644444465637207, 0.6666666865348816, 0.7333333492279053, 0.7333333492279053, 0.6888889074325562, 0.7111111283302307, 0.7111111283302307, 0.800000011920929, 0.644444465637207, 0.7333333492279053, 0.7555555701255798, 0.800000011920929, 0.8444444537162781, 0.800000011920929, 0.7777777910232544, 0.8222222328186035, 0.8444444537162781, 0.7777777910232544]}